<?xml version="1.0" encoding="UTF-8"?> <sitecatalog xmlns="http://pegasus.isi.edu/schema/sitecatalog" xmlns:xsi="http://www.w3.org/2001/XMLSchema-instance" 
xsi:schemaLocation="http://pegasus.isi.edu/schema/sitecatalog http://pegasus.isi.edu/schema/sc-4.0.xsd" version="4.0">
        <site handle="local" arch="x86" os="LINUX">
                <directory type="shared-scratch" path="/home/cc/scratch">
                    <file-server operation="all" url="file:///home/cc/scratch"/>
                </directory>
                <directory type="local-storage" path="/home/cc/outputs">
                    <file-server operation="all" url="file:///home/cc/outputs"/>
                </directory>
                <profile namespace="pegasus" key="SSH_PRIVATE_KEY">/nfs/v5/rafsilva/.ssh/id_dsa</profile>
		<profile namespace="env" key="GENOME_BIN">/home/cc/genome-usp/genome</profile>
		<profile namespace="env" key="PEGASUS_HOME">/usr</profile>
        </site>
	<site  handle="execution" arch="x86" os="LINUX">
                <directory type="shared-scratch" path="/home/cc/scratch">
                    <file-server operation="all" url="file:///home/cc/scratch"/>
                </directory>
                <directory type="local-storage" path="/home/cc/outputs">
                    <file-server operation="all" url="file:///home/cc/outputs"/>
                </directory>
        	<profile namespace="pegasus" key="style" >condor</profile>
	        <profile namespace="condor" key="universe" >vanilla</profile>
		<profile namespace="env" key="GENOME_BIN">/home/cc/genome-usp/genome</profile>
		<profile namespace="env" key="PEGASUS_HOME">/usr</profile>
	</site>
</sitecatalog>
